{
  "n_total": 10,
  "n_made": 3,
  "n_missed": 7,
  "shooting_pct": 30.0,
  "session_duration_min": 5.800166666666667,
  "player": "lukas_test",
  "band_stats": {
    "delta": {
      "made_preshot_mean": 79.7041723728932,
      "made_preshot_sd": 0.6022030094260177,
      "missed_preshot_mean": 79.92752429020699,
      "missed_preshot_sd": 0.6637305015914827,
      "t_stat": -0.5209511830910519,
      "p_val": 0.6284237796165117,
      "u_stat": 7.0,
      "u_p": 0.5166666666666666,
      "cohens_d": -0.3442030595924886,
      "made_exec_mean": 114.34393601662596,
      "missed_exec_mean": 114.80269859195906
    },
    "theta": {
      "made_preshot_mean": 50.41025268129644,
      "made_preshot_sd": 0.4877403657213628,
      "missed_preshot_mean": 50.212302106535226,
      "missed_preshot_sd": 0.22286790912661938,
      "t_stat": 0.6734703047614476,
      "p_val": 0.5604395087276012,
      "u_stat": 12.0,
      "u_p": 0.8333333333333333,
      "cohens_d": 0.6364830584994151,
      "made_exec_mean": 71.25204730052592,
      "missed_exec_mean": 71.0083380954904
    },
    "alpha": {
      "made_preshot_mean": 29.941459288714213,
      "made_preshot_sd": 0.10082174450376859,
      "missed_preshot_mean": 30.006952310874567,
      "missed_preshot_sd": 0.12848286429072664,
      "t_stat": -0.8639514781091697,
      "p_val": 0.42746240284369647,
      "u_stat": 5.0,
      "u_p": 0.26666666666666666,
      "cohens_d": -0.5361415477842937,
      "made_exec_mean": 42.62335662629295,
      "missed_exec_mean": 42.44553175678014
    },
    "beta": {
      "made_preshot_mean": 19.983104022669092,
      "made_preshot_sd": 0.18769742730586142,
      "missed_preshot_mean": 20.07317049365207,
      "missed_preshot_sd": 0.1435078788234304,
      "t_stat": -0.7432220125166453,
      "p_val": 0.510232095995738,
      "u_stat": 8.0,
      "u_p": 0.6666666666666666,
      "cohens_d": -0.5783307094627735,
      "made_exec_mean": 28.66533729739773,
      "missed_exec_mean": 28.47083616699993
    },
    "gamma": {
      "made_preshot_mean": 9.968061144408052,
      "made_preshot_sd": 0.02927729422232114,
      "missed_preshot_mean": 9.995715498712002,
      "missed_preshot_sd": 0.06926849188401453,
      "t_stat": -0.8873944909251306,
      "p_val": 0.401018600479413,
      "u_stat": 7.0,
      "u_p": 0.5166666666666666,
      "cohens_d": -0.44785433794245966,
      "made_exec_mean": 14.15784720300605,
      "missed_exec_mean": 14.357671255287661
    }
  },
  "theta_alpha": {
    "made_mean": 1.6836265694353714,
    "made_sd": 0.015151484305992266,
    "missed_mean": 1.6733780014598556,
    "missed_sd": 0.009533070059233716
  },
  "alpha_progression": {
    "r": 0.13585742167290307,
    "p": 0.7082366832367346
  }
}